date,newCases,cases,newDeaths,deaths,positiveTests,negativeTests,vaccinationsCompleted
2020-09-01,30916.0,4702669.0,784.0,158509.0,6073654.0,68354415.0,0.0
2020-09-02,33892.0,5437210.0,973.0,166839.0,7182320.0,75367071.0,0.0
2020-09-03,38710.0,5597051.0,1007.0,176906.0,7383692.0,78655070.0,0.0
2020-09-04,39578.0,5393914.0,838.0,169397.0,7143558.0,75761703.0,0.0
2020-09-05,37698.0,5748622.0,648.0,179589.0,7544954.0,81122947.0,0.0
2020-09-06,26327.0,5774949.0,372.0,179961.0,7571152.0,81628776.0,0.0
2020-09-07,21843.0,5591020.0,256.0,174996.0,7377054.0,80488712.0,0.0
2020-09-08,26213.0,5823204.0,413.0,180628.0,7620301.0,82588346.0,0.0
2020-09-09,29096.0,5733316.0,949.0,174762.0,7494163.0,80342843.0,0.0
2020-09-10,32061.0,5885329.0,782.0,182433.0,7705875.0,84390543.0,0.0
2020-09-11,42552.0,5927881.0,1130.0,183562.0,7748423.0,85362501.0,0.0
2020-09-12,34378.0,5962259.0,608.0,184170.0,7784812.0,86124588.0,0.0
2020-09-13,28526.0,5990785.0,361.0,184531.0,7811525.0,86683825.0,0.0
2020-09-14,31996.0,6022781.0,392.0,184923.0,7843113.0,87317324.0,0.0
2020-09-15,30835.0,5848418.0,932.0,182120.0,7564335.0,85548069.0,0.0
2020-09-16,34326.0,6085317.0,898.0,186961.0,7923739.0,89008887.0,0.0
2020-09-17,39653.0,6129536.0,757.0,187764.0,7976016.0,90184705.0,0.0
2020-09-18,41949.0,6171485.0,855.0,188618.0,8023318.0,91282655.0,0.0
2020-09-19,35238.0,5541637.0,596.0,151077.0,7284651.0,80859367.0,0.0
2020-09-20,27088.0,5514828.0,217.0,174709.0,7349234.0,81485729.0,0.0
2020-09-21,29531.0,5721597.0,356.0,176198.0,7291691.0,89302927.0,0.0
2020-09-22,31766.0,6344001.0,828.0,189652.0,8245769.0,95672818.0,0.0
2020-09-23,37608.0,6522398.0,1026.0,193921.0,8477091.0,97855300.0,0.0
2020-09-24,40384.0,6562782.0,841.0,194762.0,8528280.0,98951469.0,0.0
2020-09-25,41730.0,6232759.0,739.0,188509.0,8082113.0,95167439.0,0.0
2020-09-26,38773.0,6646485.0,720.0,196254.0,8617509.0,100833347.0,0.0
2020-09-27,34515.0,6681000.0,245.0,196498.0,8647322.0,101373298.0,0.0
2020-09-28,33113.0,6714113.0,332.0,196829.0,8682233.0,101969882.0,0.0
2020-09-29,37641.0,6590112.0,814.0,189462.0,8513423.0,99594816.0,0.0
2020-09-30,36709.0,6661224.0,924.0,196434.0,8614241.0,102290986.0,0.0
2020-10-01,42224.0,6833513.0,781.0,199372.0,8831697.0,105054948.0,0.0
2020-10-02,45748.0,6814026.0,797.0,195217.0,8805324.0,104628493.0,0.0
2020-10-03,42456.0,6922489.0,651.0,200822.0,8924720.0,107027859.0,0.0
2020-10-04,32275.0,6954764.0,314.0,201136.0,8954752.0,107609020.0,0.0
2020-10-05,37089.0,6685075.0,358.0,194495.0,8691740.0,105653737.0,0.0
2020-10-06,38426.0,7061139.0,677.0,202254.0,9063988.0,110104128.0,0.0
2020-10-07,46107.0,6936777.0,885.0,197547.0,8855790.0,108918645.0,0.0
2020-10-08,51824.0,7161226.0,854.0,204005.0,9191596.0,112700079.0,0.0
2020-10-09,53334.0,7214560.0,865.0,204870.0,9257423.0,113978631.0,0.0
2020-10-10,47193.0,7275214.0,530.0,205565.0,9328122.0,115416520.0,0.0
2020-10-11,41646.0,7316860.0,406.0,205971.0,9370403.0,116095042.0,0.0
2020-10-12,44269.0,7361129.0,326.0,206297.0,9419574.0,116819547.0,0.0
2020-10-13,48175.0,7329805.0,719.0,204872.0,9411643.0,116358388.0,0.0
2020-10-14,53733.0,7463952.0,948.0,208001.0,9545399.0,118885100.0,0.0
2020-10-15,58233.0,7452750.0,815.0,207543.0,9544362.0,119315207.0,0.0
2020-10-16,65795.0,7674687.0,830.0,210904.0,9813522.0,122493788.0,0.0
2020-10-17,49689.0,7776610.0,644.0,212077.0,9948961.0,123993397.0,0.0
2020-10-18,45282.0,7821892.0,369.0,212446.0,9996824.0,124689826.0,0.0
2020-10-19,62066.0,7883958.0,490.0,212936.0,10053693.0,125482752.0,0.0
2020-10-20,56865.0,7940823.0,863.0,213799.0,10129022.0,126645433.0,0.0
2020-10-21,58936.0,7814120.0,1097.0,209813.0,10013058.0,124105164.0,0.0
2020-10-22,71271.0,8073396.0,782.0,215744.0,10309790.0,129390401.0,0.0
2020-10-23,75718.0,7972050.0,874.0,213775.0,10163067.0,128782163.0,0.0
2020-10-24,74580.0,8224981.0,832.0,217466.0,10480567.0,131794596.0,0.0
2020-10-25,56544.0,8388297.0,315.0,220177.0,10634185.0,134305958.0,0.0
2020-10-26,68214.0,8096167.0,499.0,213050.0,10377227.0,132084889.0,0.0
2020-10-27,71208.0,8531650.0,944.0,221638.0,10795944.0,136396505.0,0.0
2020-10-28,78640.0,8595370.0,974.0,222398.0,10881675.0,137278286.0,0.0
2020-10-29,86182.0,8696527.0,963.0,223573.0,11006524.0,139125350.0,0.0
2020-10-30,95174.0,8791701.0,918.0,224491.0,11115326.0,140495019.0,0.0
2020-10-31,80065.0,8871766.0,808.0,225299.0,11210427.0,141600399.0,0.0
2020-11-01,69150.0,8751196.0,379.0,222711.0,11038261.0,140345166.0,0.0
2020-11-02,91155.0,9081095.0,524.0,226645.0,11413389.0,143604618.0,0.0
2020-11-03,90873.0,9217988.0,1089.0,228279.0,11581486.0,145653243.0,0.0
2020-11-04,103922.0,8943016.0,1125.0,221567.0,11381847.0,143877109.0,0.0
2020-11-05,119240.0,9444369.0,1095.0,230965.0,11877390.0,148667093.0,0.0
2020-11-06,128112.0,9369870.0,1228.0,228400.0,11694824.0,147071111.0,0.0
2020-11-07,119299.0,9462988.0,990.0,230576.0,11836163.0,149439954.0,0.0
2020-11-08,102426.0,9801343.0,444.0,233624.0,12287316.0,152376096.0,0.0
2020-11-09,129054.0,9930397.0,733.0,234357.0,12432922.0,153446554.0,0.0
2020-11-10,138353.0,10068750.0,1419.0,235776.0,12599223.0,154810039.0,0.0
2020-11-11,142307.0,10321022.0,1419.0,240018.0,12852688.0,156428499.0,0.0
2020-11-12,162224.0,10501625.0,1164.0,241839.0,13079668.0,158710407.0,0.0
2020-11-13,180742.0,10682367.0,1384.0,243223.0,13278741.0,160409683.0,0.0
2020-11-14,158372.0,10840739.0,1203.0,244426.0,13444511.0,161835063.0,0.0
2020-11-15,134479.0,10975218.0,609.0,245035.0,13578633.0,162892909.0,0.0
2020-11-16,165773.0,11140991.0,783.0,245818.0,13739802.0,164217495.0,0.0
2020-11-17,160986.0,11301977.0,1596.0,247414.0,13934089.0,165921336.0,0.0
2020-11-18,171830.0,11473807.0,1904.0,249318.0,14144793.0,167802423.0,0.0
2020-11-19,186911.0,11660718.0,1949.0,251267.0,14356963.0,169657049.0,0.0
2020-11-20,197906.0,11858624.0,1946.0,253213.0,14563480.0,171592146.0,0.0
2020-11-21,170825.0,12029449.0,1404.0,254617.0,14740725.0,173265276.0,0.0
2020-11-22,139658.0,12169107.0,836.0,255452.0,14881906.0,174538640.0,0.0
2020-11-23,178826.0,12347933.0,1023.0,256475.0,15048840.0,176037903.0,0.0
2020-11-24,177002.0,12380104.0,2208.0,257221.0,15091356.0,176517649.0,0.0
2020-11-25,180363.0,12705739.0,2297.0,260974.0,15461853.0,179804624.0,0.0
2020-11-26,102450.0,12808189.0,1159.0,262133.0,15621226.0,181144251.0,0.0
2020-11-27,204367.0,13012556.0,1404.0,263537.0,15791570.0,182478642.0,0.0
2020-11-28,150472.0,13163028.0,1185.0,264722.0,15947059.0,183664827.0,0.0
2020-11-29,135961.0,13298989.0,807.0,265529.0,16092012.0,184666035.0,0.0
2020-11-30,166779.0,13465768.0,1258.0,266787.0,16272988.0,185943862.0,0.0
2020-12-01,182227.0,13591272.0,2585.0,267999.0,16396073.0,186222569.0,0.0
2020-12-02,197633.0,13643090.0,2808.0,270357.0,16455418.0,187754638.0,0.0
2020-12-03,217319.0,14067211.0,2845.0,275088.0,16999885.0,191283326.0,0.0
2020-12-04,230835.0,14298046.0,2619.0,277707.0,17245390.0,193147466.0,0.0
2020-12-05,204755.0,14502801.0,2178.0,279885.0,17441968.0,194633967.0,0.0
2020-12-06,170755.0,14673556.0,1104.0,280989.0,17605030.0,195758322.0,0.0
2020-12-07,203518.0,14877074.0,1523.0,282512.0,17789673.0,197105691.0,0.0
2020-12-08,190667.0,14254111.0,2510.0,274248.0,17143955.0,189608961.0,0.0
2020-12-09,219037.0,15315091.0,3142.0,288472.0,18254259.0,200666569.0,0.0
2020-12-10,221475.0,15338593.0,2991.0,288317.0,18351419.0,200054856.0,0.0
2020-12-11,220638.0,14396333.0,2703.0,270128.0,16963673.0,192551359.0,0.0
2020-12-12,203885.0,15818057.0,2290.0,293529.0,18789355.0,203339609.0,0.0
2020-12-13,183495.0,16208951.0,1350.0,297922.0,19110877.0,206988056.0,0.0
2020-12-14,200284.0,16409235.0,1667.0,299589.0,19299869.0,208286739.0,0.0
2020-12-15,202686.0,16611921.0,3013.0,302602.0,19534715.0,209989038.0,0.0
2020-12-16,244541.0,16856462.0,3593.0,306195.0,19771651.0,211821638.0,0.0
2020-12-17,227702.0,16612816.0,3114.0,303699.0,19477994.0,209362504.0,0.0
2020-12-18,245809.0,17118222.0,2862.0,309174.0,20084362.0,212731242.0,0.0
2020-12-19,192811.0,17535627.0,2552.0,314894.0,20445118.0,216909440.0,0.0
2020-12-20,178674.0,17714301.0,1404.0,316297.0,20604345.0,218021060.0,0.0
2020-12-21,201092.0,17915393.0,1948.0,318245.0,20795087.0,219352128.0,0.0
2020-12-22,200561.0,18115954.0,3230.0,321475.0,21022629.0,221104449.0,0.0
2020-12-23,227169.0,18343123.0,3395.0,324870.0,21277973.0,223119861.0,0.0
2020-12-24,193119.0,18536242.0,2808.0,327678.0,21499225.0,224781838.0,0.0
2020-12-25,99679.0,18474583.0,1127.0,327204.0,21447374.0,224507047.0,0.0
2020-12-26,215837.0,18852380.0,1646.0,330444.0,21784022.0,226556024.0,0.0
2020-12-27,151304.0,19003684.0,1217.0,331661.0,21932122.0,227349501.0,0.0
2020-12-28,188568.0,19192252.0,1888.0,333549.0,22131394.0,228435823.0,0.0
2020-12-29,196741.0,19145446.0,3491.0,333740.0,22224265.0,227200532.0,0.0
2020-12-30,228805.0,19619943.0,3784.0,340957.0,22710059.0,231893095.0,0.0
2020-12-31,230591.0,19850534.0,3442.0,344399.0,22993740.0,233523845.0,0.0
2021-01-01,146471.0,19997005.0,1902.0,346301.0,23186934.0,234578779.0,0.0
2021-01-02,290726.0,20287731.0,2367.0,348668.0,23359216.0,235518256.0,0.0
2021-01-03,201542.0,20489273.0,1332.0,350000.0,23525725.0,236396623.0,0.0
2021-01-04,200085.0,20195295.0,2003.0,332795.0,23261458.0,230531156.0,0.0
2021-01-05,234489.0,20974939.0,3682.0,355721.0,24016697.0,239269361.0,0.0
2021-01-06,255650.0,21230589.0,3956.0,359677.0,24324712.0,241287400.0,0.0
2021-01-07,279074.0,21336038.0,3970.0,361891.0,24408039.0,241984567.0,0.0
2021-01-08,296748.0,21605161.0,3922.0,365428.0,24643528.0,242710942.0,0.0
2021-01-09,251351.0,22060574.0,3235.0,370897.0,25104696.0,246605586.0,0.0
2021-01-10,207798.0,22268372.0,1763.0,372660.0,25266847.0,247606941.0,0.0
2021-01-11,225956.0,22494328.0,2036.0,374696.0,25462763.0,248930195.0,0.0
2021-01-12,225037.0,22317930.0,4176.0,373525.0,25253616.0,247720084.0,0.0
2021-01-13,229098.0,22952311.0,3916.0,383014.0,25921469.0,252582501.0,0.0
2021-01-14,235671.0,22616968.0,3785.0,372474.0,25454050.0,246006958.0,1219438.0
2021-01-15,238698.0,23430341.0,3735.0,390709.0,26367394.0,256226385.0,1514123.0
2021-01-16,201587.0,23372732.0,3342.0,390536.0,26291085.0,255713853.0,0.0
2021-01-17,169139.0,23801097.0,1729.0,395767.0,26672639.0,258562538.0,0.0
2021-01-18,140837.0,23271707.0,1435.0,389076.0,26094173.0,252945888.0,0.0
2021-01-19,186456.0,24128127.0,2771.0,399978.0,26999396.0,261318191.0,1908043.0
2021-01-20,184650.0,24155708.0,4368.0,402707.0,26997970.0,262319241.0,2028947.0
2021-01-21,189943.0,24237145.0,4129.0,404889.0,27130931.0,263103202.0,2225286.0
2021-01-22,190976.0,24694683.0,3702.0,412166.0,27563270.0,266823547.0,2574882.0
2021-01-23,166803.0,24770341.0,3276.0,414336.0,27587765.0,267470612.0,2810343.0
2021-01-24,128721.0,24990510.0,1814.0,417291.0,27823000.0,269099198.0,2998176.0
2021-01-25,155992.0,25146502.0,1901.0,419192.0,27948774.0,270200649.0,3122970.0
2021-01-26,150065.0,25271358.0,4034.0,422887.0,28071510.0,270933355.0,3234064.0
2021-01-27,155593.0,25452223.0,4091.0,427376.0,28266959.0,273707839.0,3540156.0
2021-01-28,165863.0,25618086.0,3861.0,431237.0,28419705.0,275450612.0,3970100.0
2021-01-29,164167.0,25782253.0,3589.0,434826.0,28568419.0,277133364.0,4457604.0
2021-01-30,133355.0,25915608.0,2630.0,437456.0,28689631.0,278441591.0,4909732.0
2021-01-31,113278.0,25709776.0,1608.0,434413.0,28454687.0,276868553.0,5222740.0
2021-02-01,102006.0,23797512.0,1780.0,403852.0,26132483.0,263654175.0,5041824.0
2021-02-02,113695.0,25966372.0,3603.0,440456.0,28765663.0,278478956.0,5546117.0
2021-02-03,108912.0,25537957.0,3634.0,437765.0,28181090.0,275240279.0,5819229.0
2021-02-04,122940.0,25894240.0,3564.0,442166.0,28498541.0,279457221.0,6342596.0
2021-02-05,129077.0,26580526.0,3508.0,456176.0,29267496.0,285616312.0,6986416.0
2021-02-06,104649.0,26764721.0,2657.0,460024.0,29462398.0,288235033.0,7763053.0
2021-02-07,86774.0,26851495.0,1290.0,461314.0,29534547.0,288990224.0,8535838.0
2021-02-08,92645.0,26944140.0,1577.0,462891.0,29611014.0,289959657.0,0.0
2021-02-09,96126.0,26942056.0,3162.0,464599.0,29618124.0,290250273.0,9156674.0
2021-02-10,94873.0,27135134.0,3250.0,469306.0,29802501.0,293104943.0,9782307.0
2021-02-11,102669.0,26309172.0,3151.0,460601.0,29047617.0,285741329.0,10100601.0
2021-02-12,96010.0,26405182.0,2899.0,463500.0,29132662.0,287040096.0,10924071.0
2021-02-13,81461.0,26486643.0,2161.0,465660.0,29200116.0,288038238.0,11819791.0
2021-02-14,63481.0,27487665.0,1077.0,483077.0,30088824.0,297417611.0,13155666.0
2021-02-15,55023.0,27542688.0,993.0,484070.0,30139230.0,298166437.0,0.0
2021-02-16,64058.0,27606746.0,1703.0,485773.0,30203842.0,299353007.0,14057418.0
2021-02-17,69294.0,27604825.0,2453.0,487090.0,30213856.0,299392709.0,14429555.0
2021-02-18,71698.0,27748488.0,2615.0,490853.0,30342946.0,302084486.0,15119533.0
2021-02-19,77867.0,27826355.0,2614.0,493467.0,30407985.0,303367688.0,16765289.0
2021-02-20,69508.0,27895863.0,1821.0,495288.0,30465390.0,304364644.0,17607146.0
2021-02-21,54919.0,27950782.0,1225.0,496513.0,30512625.0,304999828.0,18563678.0
2021-02-22,56795.0,27077526.0,1365.0,479995.0,29574779.0,298015977.0,18738966.0
2021-02-23,71684.0,28081748.0,2325.0,500288.0,30644105.0,307541905.0,19628570.0
2021-02-24,67839.0,24452649.0,2072.0,450320.0,27030656.0,269136703.0,17881160.0
2021-02-25,77767.0,28233630.0,2456.0,505933.0,30788549.0,310692152.0,21200859.0
2021-02-26,78073.0,28311703.0,2169.0,508102.0,30852694.0,312101265.0,22237394.0
2021-02-27,62479.0,28374182.0,1558.0,509660.0,30903628.0,313121110.0,23310461.0
2021-02-28,47431.0,28102418.0,1300.0,505541.0,30715110.0,311486663.0,24147094.0
2021-03-01,54068.0,27471881.0,1193.0,497379.0,29703023.0,303590203.0,23836836.0
2021-03-02,55779.0,27568146.0,1901.0,496761.0,30189628.0,306951770.0,24803619.0
2021-03-03,62247.0,27530561.0,1940.0,496517.0,29742506.0,308645567.0,25416267.0
2021-03-04,67169.0,28672427.0,1944.0,517816.0,31174550.0,319369740.0,27354702.0
2021-03-05,63057.0,27462786.0,1733.0,497982.0,30084349.0,308996990.0,26992868.0
2021-03-06,54814.0,27816497.0,1454.0,504248.0,30413592.0,312352813.0,28254195.0
2021-03-07,39026.0,27855523.0,677.0,504924.0,30448427.0,312913044.0,29107507.0
2021-03-08,46776.0,27374197.0,813.0,497128.0,29879865.0,309242158.0,29319384.0
2021-03-09,53330.0,27461625.0,1749.0,499813.0,29596231.0,308610145.0,30014842.0
2021-03-10,58180.0,29042246.0,1473.0,526597.0,31476453.0,326288971.0,32357983.0
2021-03-11,61476.0,29014831.0,1518.0,526623.0,31426467.0,326135363.0,33200051.0
2021-03-12,63053.0,28732766.0,1557.0,522485.0,31140942.0,324477556.0,33876886.0
2021-03-13,45657.0,25596484.0,833.0,475317.0,28052994.0,289913566.0,32501766.0
2021-03-14,37236.0,28630492.0,572.0,525081.0,30984331.0,323232343.0,36111534.0
2021-03-15,52410.0,28806750.0,744.0,522675.0,31202841.0,327842591.0,37206373.0
2021-03-16,53901.0,29264260.0,1241.0,532851.0,31645448.0,332018644.0,38252939.0
2021-03-17,58858.0,29425587.0,1175.0,535423.0,31842351.0,334477638.0,39334825.0
2021-03-18,59631.0,29063938.0,1229.0,531455.0,31433903.0,332580904.0,39738839.0
2021-03-19,56563.0,28070745.0,1383.0,516511.0,30164019.0,321978180.0,38713308.0
2021-03-20,54209.0,29600484.0,769.0,539258.0,32009555.0,338098427.0,42330486.0
2021-03-21,33867.0,29634351.0,444.0,539702.0,32048215.0,338665440.0,43418473.0
2021-03-22,52198.0,28695146.0,662.0,515511.0,31046540.0,328525450.0,42537967.0
2021-03-23,56516.0,29745284.0,891.0,541241.0,32162780.0,341041272.0,44796007.0
2021-03-24,57398.0,27111945.0,1237.0,481623.0,29267367.0,299226154.0,41528968.0
2021-03-25,63673.0,27165123.0,1138.0,496106.0,29261495.0,324107295.0,43305794.0
2021-03-26,74226.0,29968187.0,1256.0,545352.0,32370020.0,345291936.0,47895217.0
2021-03-27,60287.0,30028474.0,777.0,546129.0,32428683.0,346225872.0,49319118.0
2021-03-28,44238.0,30072712.0,487.0,546616.0,32473524.0,346802963.0,50747977.0
2021-03-29,69642.0,29346380.0,710.0,536101.0,31661197.0,341290855.0,50529012.0
2021-03-30,61786.0,30204638.0,947.0,548248.0,32604628.0,349199192.0,52557468.0
2021-03-31,67348.0,30130664.0,1098.0,546706.0,32504396.0,348411641.0,53382833.0
2021-04-01,76825.0,30349227.0,953.0,550334.0,32750913.0,352061193.0,55181012.0
2021-04-02,68077.0,30417304.0,951.0,551285.0,32821847.0,353331273.0,57047089.0
2021-04-03,62847.0,30127437.0,680.0,546211.0,32528589.0,351385956.0,58230538.0
2021-04-04,36188.0,30516832.0,273.0,552305.0,32925029.0,354758264.0,60453008.0
2021-04-05,72234.0,28416957.0,536.0,512270.0,30927580.0,336572200.0,57238433.0
2021-04-06,59910.0,29625936.0,806.0,534993.0,32155166.0,346870908.0,59787054.0
2021-04-07,71111.0,30285705.0,852.0,549633.0,32671820.0,356974427.0,62584773.0
2021-04-08,79984.0,30807595.0,1000.0,557302.0,33213526.0,360113059.0,65178735.0
2021-04-09,79198.0,30041217.0,936.0,541181.0,32418727.0,355095227.0,65662779.0
2021-04-10,62564.0,30643705.0,689.0,553609.0,32916212.0,359686289.0,68993291.0
2021-04-11,46439.0,30150167.0,305.0,542154.0,32528284.0,356605544.0,69946218.0
2021-04-12,70318.0,30762187.0,473.0,554774.0,33169258.0,361438300.0,72268170.0
2021-04-13,72566.0,29546747.0,802.0,534575.0,31888265.0,350294889.0,70707620.0
2021-04-14,74366.0,31005099.0,931.0,559276.0,33361292.0,365426093.0,75006534.0
2021-04-15,73008.0,31228173.0,891.0,562194.0,33578475.0,366442769.0,77049243.0
2021-04-16,77244.0,31370618.0,932.0,563444.0,33756948.0,369871044.0,79357855.0
2021-04-17,55780.0,28960359.0,661.0,519677.0,31211099.0,349472362.0,75803013.0
2021-04-18,39662.0,30503858.0,306.0,552043.0,32846783.0,360693320.0,80506908.0
2021-04-19,63640.0,30710467.0,442.0,552955.0,33134849.0,366382541.0,82637614.0
2021-04-20,58515.0,30762055.0,826.0,549971.0,33151146.0,367352230.0,83140284.0
2021-04-21,61927.0,31653860.0,829.0,566596.0,34042195.0,375393765.0,86232654.0
2021-04-22,65685.0,31719545.0,897.0,567493.0,34105596.0,376816492.0,87856410.0
2021-04-23,62610.0,31782155.0,865.0,568358.0,34165054.0,378153345.0,89758702.0
2021-04-24,49026.0,28101006.0,670.0,507638.0,30516714.0,332352821.0,80654515.0
2021-04-25,32578.0,31864133.0,282.0,569347.0,34248033.0,379638145.0,93295371.0
2021-04-26,55566.0,30921808.0,459.0,544426.0,33326476.0,368629258.0,91389221.0
2021-04-27,50850.0,31809873.0,858.0,567862.0,34167925.0,379646970.0,94722087.0
2021-04-28,54479.0,32016200.0,928.0,571452.0,34412709.0,383584971.0,96516919.0
2021-04-29,57264.0,32073464.0,863.0,572315.0,34469592.0,384931985.0,98112631.0
2021-04-30,57714.0,32131178.0,853.0,573168.0,34520620.0,386181098.0,99822719.0
2021-05-01,44225.0,32175403.0,708.0,573876.0,34561438.0,387037194.0,101814016.0
2021-05-02,28521.0,31543110.0,311.0,566618.0,33864478.0,379145402.0,101016306.0
2021-05-03,49469.0,32253869.0,457.0,574642.0,34630674.0,388376782.0,103869390.0
2021-05-04,40458.0,32294327.0,898.0,575540.0,34677411.0,389739247.0,104498553.0
2021-05-05,41980.0,31334311.0,727.0,550609.0,33738914.0,378907265.0,102242715.0
2021-05-06,47549.0,32386385.0,820.0,577121.0,34769160.0,392460140.0,107209407.0
2021-05-07,46967.0,32433352.0,806.0,577926.0,34809828.0,393586468.0,109109399.0
2021-05-08,32883.0,32245082.0,595.0,576140.0,34585742.0,392652934.0,110121471.0
2021-05-09,21943.0,32488372.0,243.0,578759.0,34864258.0,394862532.0,112421031.0
2021-05-10,36188.0,32303126.0,371.0,576753.0,34638274.0,393928251.0,112944656.0
2021-05-11,33629.0,32369056.0,687.0,577750.0,34705615.0,395649274.0,114185268.0
2021-05-12,35400.0,32593883.0,837.0,580647.0,34969290.0,398268430.0,115763344.0
2021-05-13,37207.0,31951652.0,757.0,567711.0,34275368.0,392001052.0,115308213.0
2021-05-14,33183.0,31491540.0,715.0,563068.0,33932072.0,389335748.0,113273778.0
2021-05-15,25233.0,30972282.0,453.0,551352.0,33197158.0,385687111.0,114691276.0
2021-05-16,16226.0,32180616.0,288.0,571932.0,34535030.0,397628255.0,119653126.0
2021-05-17,28710.0,32524509.0,395.0,580987.0,34846351.0,400648301.0,121054619.0
2021-05-18,26684.0,31849383.0,739.0,567439.0,34326975.0,396974247.0,119664992.0
2021-05-19,28006.0,32695589.0,667.0,583227.0,35037117.0,402781053.0,123031429.0
2021-05-20,29529.0,32833046.0,645.0,585524.0,35187661.0,405699133.0,124538514.0
2021-05-21,28809.0,32861855.0,691.0,586215.0,35211941.0,406647942.0,125683378.0
2021-05-22,18042.0,32879897.0,475.0,586689.0,35231215.0,407332441.0,126898770.0
2021-05-23,13995.0,32893892.0,188.0,586877.0,35245229.0,407724823.0,127875176.0
2021-05-24,24961.0,32716985.0,301.0,583045.0,34997080.0,405761985.0,127491638.0
2021-05-25,22750.0,32941956.0,695.0,587986.0,35288617.0,409449232.0,128919014.0
2021-05-26,23238.0,32512817.0,590.0,581658.0,34837045.0,408618548.0,128320781.0
2021-05-27,21738.0,28073593.0,593.0,509726.0,29893324.0,340346133.0,108478140.0
2021-05-28,21465.0,32791127.0,637.0,588543.0,35090479.0,410393285.0,130463608.0
2021-05-29,11430.0,33026195.0,335.0,591372.0,35362157.0,412740109.0,132138073.0
2021-05-30,7349.0,33033543.0,129.0,591501.0,35372197.0,413088591.0,132787697.0
2021-05-31,5392.0,33038935.0,149.0,591650.0,35381138.0,413392454.0,0.0
2021-06-01,21925.0,31985892.0,346.0,575382.0,34244807.0,404576649.0,129724166.0
2021-06-02,16783.0,33078181.0,589.0,592742.0,35413002.0,415162906.0,133838770.0
2021-06-03,18154.0,31685776.0,595.0,566338.0,33823239.0,396747422.0,128859475.0
2021-06-04,15264.0,26993699.0,498.0,493541.0,28844867.0,336742131.0,109292439.0
2021-06-05,10382.0,32122140.0,374.0,579857.0,34521046.0,410157198.0,133123221.0
2021-06-06,5341.0,29181679.0,131.0,529363.0,31566108.0,363567282.0,118550052.0
2021-06-07,19212.0,32996850.0,334.0,592817.0,35336251.0,417479846.0,136925453.0
2021-06-08,11284.0,29646189.0,404.0,535418.0,31810758.0,388771827.0,123213709.0
2021-06-09,13560.0,30053302.0,509.0,540560.0,32087245.0,393800917.0,127208205.0
2021-06-10,13892.0,30229920.0,426.0,543832.0,32295300.0,397124434.0,128345957.0
2021-06-11,14425.0,31439830.0,513.0,566226.0,33832630.0,408191649.0,134687885.0
2021-06-12,7603.0,29382869.0,277.0,533390.0,31779578.0,368211300.0,122432950.0
2021-06-13,6746.0,33191427.0,95.0,596628.0,35551256.0,422658481.0,141429373.0
2021-06-14,14353.0,32759689.0,243.0,591013.0,35243809.0,417377024.0,138545758.0
2021-06-15,11412.0,32365642.0,440.0,584880.0,34780630.0,417664235.0,140925663.0
2021-06-16,14068.0,32183284.0,427.0,580372.0,34593576.0,414271596.0,140593802.0
2021-06-17,12130.0,33244799.0,287.0,597991.0,35600490.0,425524128.0,145176900.0
2021-06-18,12606.0,33257405.0,469.0,598460.0,35612970.0,426196115.0,145854736.0
2021-06-19,6953.0,32510711.0,140.0,584834.0,34782108.0,418745695.0,143884164.0
2021-06-20,4019.0,33268917.0,89.0,598718.0,35630795.0,427000241.0,147026954.0
2021-06-21,15131.0,32955173.0,292.0,593360.0,35192097.0,424504783.0,146144482.0
2021-06-22,12706.0,33297394.0,429.0,599435.0,35655295.0,428311289.0,147770192.0
2021-06-23,14026.0,33311420.0,398.0,599833.0,35669209.0,429052915.0,148117723.0
2021-06-24,14285.0,31214843.0,358.0,547135.0,33298194.0,384759753.0,138319241.0
2021-06-25,14821.0,33340909.0,457.0,600644.0,35696564.0,430373498.0,148897000.0
2021-06-26,6753.0,33347662.0,126.0,600769.0,35708216.0,430849049.0,149438535.0
2021-06-27,4040.0,33351702.0,97.0,600865.0,35717957.0,431175236.0,150280389.0
2021-06-28,15003.0,32770561.0,164.0,591210.0,35099434.0,425711795.0,149023988.0
2021-06-29,15694.0,33382871.0,380.0,601403.0,35748260.0,432376384.0,151414065.0
2021-06-30,17533.0,29368754.0,257.0,534030.0,31710046.0,372343595.0,131366890.0
2021-07-01,14308.0,27369721.0,244.0,497131.0,29742554.0,352288042.0,122284348.0
2021-07-02,18463.0,28616725.0,328.0,517592.0,30917705.0,364528715.0,128632109.0
2021-07-03,3924.0,33488020.0,85.0,602320.0,35814232.0,434651480.0,153848762.0
2021-07-04,2866.0,33490886.0,37.0,602357.0,35823762.0,434901051.0,154177469.0
2021-07-05,4520.0,33495406.0,41.0,602398.0,35836397.0,435193276.0,0.0
2021-07-06,26825.0,33202240.0,319.0,597525.0,35555304.0,432898616.0,153248375.0
2021-07-07,30074.0,33178099.0,320.0,596886.0,35509060.0,433220967.0,153222081.0
2021-07-08,21128.0,29698148.0,309.0,539595.0,32103416.0,380387562.0,135097892.0
2021-07-09,32876.0,29578276.0,341.0,537206.0,31939877.0,377231907.0,134722641.0
2021-07-10,7647.0,33644538.0,87.0,603893.0,35961728.0,438281656.0,155756469.0
2021-07-11,5457.0,33649995.0,30.0,603923.0,35982225.0,438601522.0,156057188.0
2021-07-12,35193.0,33685188.0,273.0,604195.0,36013530.0,439151826.0,156283468.0
2021-07-13,42860.0,33728048.0,432.0,604626.0,36049724.0,439847414.0,156455962.0
2021-07-14,37960.0,33766008.0,393.0,605019.0,36088448.0,440559777.0,156891547.0
2021-07-15,35875.0,33801883.0,334.0,605353.0,36130575.0,441279340.0,157169867.0
2021-07-16,51465.0,33252116.0,359.0,595847.0,35535796.0,435846325.0,155384866.0
2021-07-17,12270.0,32039486.0,87.0,577559.0,34308926.0,418089021.0,150294873.0
2021-07-18,8842.0,33875007.0,36.0,605828.0,36241389.0,442801812.0,157960878.0
2021-07-19,57038.0,33330242.0,235.0,596201.0,35649046.0,437287364.0,156142592.0
2021-07-20,61886.0,33995769.0,299.0,606357.0,36350593.0,444237883.0,158364785.0
2021-07-21,59705.0,34055474.0,394.0,606751.0,36416956.0,445090688.0,158617262.0
2021-07-22,65220.0,34120694.0,359.0,607109.0,36485196.0,445930331.0,158881846.0
2021-07-23,80571.0,33874389.0,403.0,602276.0,36246505.0,443798631.0,157876489.0
2021-07-24,21223.0,34224205.0,101.0,607652.0,36614187.0,447321555.0,159421271.0
2021-07-25,13424.0,34237629.0,48.0,607700.0,36666124.0,447758837.0,159713063.0
2021-07-26,92713.0,34330342.0,273.0,607973.0,36743602.0,448461136.0,159856855.0
2021-07-27,106689.0,34437031.0,483.0,608456.0,36837487.0,449393465.0,159994251.0
2021-07-28,84783.0,34521814.0,490.0,608946.0,36937911.0,450385725.0,160265875.0
2021-07-29,97695.0,34619509.0,399.0,609345.0,37039928.0,451379819.0,160535336.0
2021-07-30,121973.0,34630353.0,540.0,608185.0,37015920.0,450202242.0,160328430.0
2021-07-31,28963.0,34770590.0,142.0,610157.0,37227645.0,452986376.0,161098672.0
2021-08-01,22125.0,34792715.0,63.0,610220.0,37297106.0,453481549.0,161403328.0
2021-08-02,135365.0,34928080.0,457.0,610676.0,37401254.0,454334911.0,161560288.0
2021-08-03,137374.0,30186003.0,663.0,535330.0,32867280.0,385835104.0,135018589.0
2021-08-04,111527.0,34960243.0,723.0,609510.0,37386444.0,454781522.0,161004293.0
2021-08-05,125621.0,35315688.0,568.0,612628.0,37784580.0,457869240.0,162262103.0
2021-08-06,141409.0,31609576.0,776.0,551443.0,33629240.0,423379019.0,146640475.0
2021-08-07,41642.0,35524589.0,200.0,613673.0,38020717.0,459932499.0,162812208.0
2021-08-08,35176.0,35559765.0,126.0,613799.0,38108623.0,460555489.0,163078875.0
2021-08-09,177783.0,35737547.0,718.0,614517.0,38233496.0,461550419.0,163251306.0
2021-08-10,161634.0,35899181.0,1039.0,615556.0,38378121.0,462820381.0,163455113.0
2021-08-11,143483.0,31885626.0,689.0,551407.0,34421154.0,402593075.0,142427870.0
2021-08-12,137397.0,36191540.0,1005.0,616893.0,38682794.0,465538410.0,163933426.0
2021-08-13,185919.0,36377459.0,1078.0,617971.0,38829304.0,466898959.0,164270027.0
2021-08-14,48828.0,35981824.0,235.0,615681.0,38406364.0,463832815.0,163184435.0
2021-08-15,42559.0,36468842.0,173.0,618379.0,39041155.0,468590984.0,164918721.0
2021-08-16,258672.0,36727514.0,1011.0,619390.0,39181306.0,469716087.0,165239896.0
2021-08-17,142990.0,36507911.0,984.0,612067.0,38851415.0,461623662.0,163137095.0
2021-08-18,154895.0,35384981.0,1032.0,601173.0,37988561.0,453369489.0,156520533.0
2021-08-19,155335.0,36668507.0,1686.0,616828.0,39272886.0,466906307.0,161625048.0
2021-08-20,164154.0,32023684.0,1344.0,545732.0,34609430.0,399802979.0,138298207.0
2021-08-21,77312.0,36940198.0,459.0,618783.0,39539108.0,469265662.0,162408303.0
2021-08-22,39557.0,36979755.0,171.0,618954.0,39637958.0,469982405.0,162807059.0
2021-08-23,255657.0,36870380.0,1330.0,611947.0,39288702.0,461494226.0,160740009.0
2021-08-24,146298.0,37383264.0,1338.0,621620.0,39949356.0,472678891.0,163328706.0
2021-08-25,166922.0,37550186.0,1419.0,623039.0,40132213.0,474380094.0,163722704.0
2021-08-26,181249.0,37241283.0,2178.0,615250.0,39285744.0,464340539.0,160413613.0
2021-08-27,190193.0,37922872.0,1724.0,626937.0,40476633.0,477763428.0,164558530.0
2021-08-28,84435.0,38007307.0,548.0,627485.0,40604045.0,479033027.0,164996114.0
2021-08-29,41466.0,38048773.0,277.0,627762.0,40705888.0,479890705.0,165392921.0
2021-08-30,271106.0,38319879.0,1695.0,629457.0,40855341.0,481145864.0,165691583.0
2021-08-31,155126.0,38254757.0,1328.0,628451.0,40756322.0,481257725.0,165271808.0
2021-09-01,206120.0,38682340.0,1884.0,632699.0,41205145.0,484731688.0,166432273.0
2021-09-02,170072.0,38852412.0,2894.0,635593.0,41371977.0,486504179.0,166784574.0
2021-09-03,186537.0,39038949.0,1919.0,637512.0,41529648.0,488189566.0,167323197.0
2021-09-04,65129.0,38478400.0,517.0,630659.0,41025367.0,480607426.0,164428186.0
2021-09-05,43582.0,39147654.0,365.0,638394.0,41754896.0,490286739.0,0.0
2021-09-06,76288.0,39223942.0,511.0,638905.0,41841117.0,491015033.0,0.0
2021-09-07,289868.0,39513810.0,2166.0,641071.0,41973398.0,492260779.0,168394557.0
2021-09-08,179805.0,39693615.0,2120.0,643191.0,42138254.0,494106490.0,168796757.0
2021-09-09,166171.0,39859786.0,3150.0,646341.0,42300547.0,495983063.0,169106815.0
2021-09-10,171638.0,40031424.0,2338.0,648679.0,42456396.0,497857382.0,169543154.0
2021-09-11,73494.0,40104918.0,680.0,649359.0,42577034.0,499245923.0,169914555.0
2021-09-12,38731.0,40143649.0,290.0,649649.0,42672171.0,500123394.0,170266845.0
2021-09-13,275369.0,40419018.0,1648.0,651297.0,42801357.0,501447885.0,170548099.0
2021-09-14,149346.0,40568364.0,2576.0,653873.0,42943860.0,503157925.0,170824329.0
2021-09-15,161415.0,39470191.0,2245.0,639901.0,41500939.0,489096096.0,166172699.0
2021-09-16,150799.0,40885275.0,3350.0,659740.0,43231429.0,506900862.0,171570728.0
2021-09-17,162248.0,41047523.0,2504.0,662244.0,43361594.0,508636760.0,172011382.0
2021-09-18,67856.0,41115379.0,816.0,663060.0,43463002.0,509897573.0,172453242.0
2021-09-19,39667.0,41155046.0,300.0,663360.0,43548123.0,510750609.0,172792857.0
2021-09-20,200279.0,41355325.0,2186.0,665545.0,43652802.0,511981053.0,173119027.0
2021-09-21,126777.0,41482102.0,2297.0,667841.0,43774068.0,513729218.0,173374490.0
2021-09-22,144961.0,41627063.0,2721.0,670562.0,43900463.0,515616275.0,173727697.0
2021-09-23,123010.0,41750073.0,3086.0,673646.0,44018904.0,517443212.0,174112656.0
2021-09-24,134719.0,41779682.0,2647.0,675822.0,43987079.0,516419772.0,174089442.0
2021-09-25,51271.0,41937841.0,619.0,676956.0,44220903.0,520424315.0,174826189.0
2021-09-26,33908.0,41971749.0,297.0,677253.0,44288776.0,521207660.0,175136885.0
2021-09-27,184558.0,41769398.0,2238.0,670990.0,43864581.0,512118155.0,172902064.0
2021-09-28,110287.0,42268038.0,2110.0,681693.0,44489660.0,523998202.0,176695739.0
2021-09-29,125467.0,42393505.0,2433.0,684126.0,44603193.0,525844586.0,175746811.0
2021-09-30,112335.0,42505840.0,2662.0,686788.0,44708520.0,527619771.0,175998456.0
2021-10-01,122395.0,42628235.0,2390.0,689178.0,44807031.0,529280529.0,176222394.0
2021-10-02,44076.0,42672311.0,640.0,689818.0,44885380.0,530484680.0,176506637.0
2021-10-03,25533.0,42697844.0,249.0,690066.0,44944094.0,531203041.0,176854416.0
2021-10-04,165530.0,42863374.0,1992.0,692057.0,45025083.0,532341569.0,177149037.0
2021-10-05,96024.0,42959398.0,1977.0,694034.0,45123250.0,534033692.0,177366886.0
2021-10-06,113227.0,42647482.0,2435.0,689248.0,44678189.0,532151914.0,176107616.0
2021-10-07,102141.0,43184377.0,2400.0,698894.0,45321795.0,537606177.0,177903391.0
2021-10-08,110287.0,43294664.0,2385.0,701279.0,45410809.0,539255414.0,178184961.0
2021-10-09,37217.0,43331881.0,501.0,701780.0,45482922.0,540389390.0,178474428.0
2021-10-10,22508.0,42851984.0,190.0,694139.0,45222643.0,537722836.0,0.0
2021-10-11,117532.0,43472388.0,1107.0,703366.0,45604449.0,542081371.0,0.0
2021-10-12,108915.0,43581302.0,2528.0,705894.0,45689846.0,543603440.0,178956435.0
2021-10-13,100930.0,42561183.0,2136.0,687577.0,44622024.0,535910320.0,175378853.0
2021-10-14,85813.0,43770364.0,1977.0,710001.0,45860109.0,547049252.0,179445716.0
2021-10-15,95712.0,43866076.0,2129.0,712130.0,45935871.0,548639958.0,179798581.0
2021-10-16,33433.0,43899509.0,384.0,712514.0,45998303.0,549743705.0,180030513.0
2021-10-17,21950.0,43921459.0,182.0,712696.0,46043596.0,550372116.0,180263289.0
2021-10-18,119630.0,44041088.0,1879.0,714575.0,46103691.0,551478364.0,180410145.0
2021-10-19,76475.0,43159674.0,1934.0,707216.0,45165905.0,544677086.0,177356918.0
2021-10-20,81580.0,43031250.0,1909.0,705914.0,45027210.0,547621791.0,177139022.0
2021-10-21,76110.0,43744120.0,1815.0,718269.0,45716614.0,551767543.0,179262236.0
2021-10-22,83033.0,43827153.0,2089.0,720358.0,45784961.0,553249075.0,179700286.0
2021-10-23,29694.0,43856847.0,448.0,720806.0,45840246.0,554251649.0,179905389.0
2021-10-24,16901.0,43873748.0,147.0,720953.0,45880952.0,554815161.0,180077168.0
2021-10-25,96334.0,43970082.0,1362.0,722314.0,45935158.0,555855512.0,180192631.0
2021-10-26,83650.0,43921291.0,1677.0,722448.0,45895866.0,554812493.0,179411621.0
2021-10-27,82945.0,43185546.0,1936.0,708960.0,45186822.0,551186694.0,177411542.0
2021-10-28,75917.0,42106073.0,1690.0,689601.0,44064723.0,543013777.0,173795460.0
2021-10-29,81912.0,43346170.0,1894.0,712532.0,45320050.0,554123612.0,178385131.0
2021-10-30,29291.0,44204061.0,300.0,728364.0,46157062.0,560351251.0,180800143.0
2021-10-31,17587.0,39305034.0,159.0,656379.0,41258319.0,476096110.0,156776285.0
2021-11-01,114011.0,44336728.0,1086.0,729605.0,46248222.0,561812252.0,181128295.0
2021-11-02,71538.0,43375392.0,1468.0,711486.0,45233501.0,556104220.0,178226269.0
2021-11-03,80640.0,44628031.0,1829.0,734464.0,46515059.0,567615360.0,182290079.0
2021-11-04,78320.0,44706351.0,1067.0,735531.0,46590213.0,569106270.0,182571906.0
2021-11-05,88095.0,44794446.0,2282.0,737813.0,46657594.0,570361116.0,182742609.0
2021-11-06,31791.0,44826237.0,397.0,738210.0,46709601.0,571173546.0,182929722.0
2021-11-07,20641.0,39120671.0,104.0,657045.0,40995073.0,474910150.0,155144310.0
2021-11-08,89351.0,31262823.0,911.0,521309.0,32208956.0,397300981.0,126077427.0
